{"_step":189,"train_f1":0.9925515651702881,"test_f1":0.9924331307411194,"final/test_acc":0.9929999709129333,"train_acc_step":0.984375,"_wandb":{"runtime":56},"train_loss_epoch":0.022354019805788994,"val_acc":0.9906666874885559,"test_acc":0.9929999709129333,"trainer/global_step":8430,"final/test_loss":0.021526850759983063,"epoch":10,"final/test_f1":0.9924331307411194,"_timestamp":1.7505198644214954e+09,"val_loss":0.035861678421497345,"train_loss_step":0.032363105565309525,"_runtime":56.687729485,"train_acc_epoch":0.9932717680931091,"test_loss":0.021526850759983063,"val_f1":0.9898636937141418,"final/best_val_loss":0.034305721521377563}