{"final/best_val_loss":0.05123357102274895,"test_acc":0.9879999756813049,"trainer/global_step":8430,"final/test_acc":0.9879999756813049,"_wandb":{"runtime":58},"val_acc":0.9858333468437195,"final/test_loss":0.03817617520689964,"_step":189,"_timestamp":1.7505199844243832e+09,"train_f1":0.9840415120124817,"train_acc_epoch":0.9856724739074707,"test_loss":0.03817617520689964,"val_loss":0.05123357102274895,"train_loss_step":0.04689774662256241,"train_acc_step":0.96875,"epoch":10,"final/test_f1":0.9869050979614258,"val_f1":0.9840086102485657,"test_f1":0.9869050979614258,"train_loss_epoch":0.04714130982756615,"_runtime":58.104324436}