{"_step":246,"_wandb":{"runtime":130},"_runtime":130.592217086,"test_loss":0.0213191956281662,"test_f1":0.9929084777832031,"train_acc_epoch":0.9946433901786804,"train_loss_step":0.00585912587121129,"final/test_acc":0.9936000108718872,"val_f1":0.9894983172416687,"final/best_val_loss":0.03716327250003815,"val_acc":0.9900000095367432,"final/test_f1":0.9929084777832031,"train_acc_step":1,"train_f1":0.9939051270484924,"_timestamp":1.7505193594271402e+09,"final/test_loss":0.0213191956281662,"epoch":13,"train_loss_epoch":0.018099801614880562,"test_acc":0.9936000108718872,"val_loss":0.037546515464782715,"trainer/global_step":10959}