{"train_loss_step":0.027822310104966164,"final/test_acc":0.9936000108718872,"final/test_f1":0.9929543733596802,"_step":189,"final/best_val_loss":0.037586599588394165,"_runtime":56.384008969,"test_loss":0.021850040182471275,"train_acc_epoch":0.9931049942970276,"test_f1":0.9929543733596802,"test_acc":0.9936000108718872,"val_acc":0.9904999732971191,"val_f1":0.9897012710571289,"trainer/global_step":8430,"final/test_loss":0.021850040182471275,"val_loss":0.037586599588394165,"train_acc_step":0.984375,"train_f1":0.992432177066803,"_wandb":{"runtime":56},"train_loss_epoch":0.02320089004933834,"_timestamp":1.750519722589101e+09,"epoch":10}